"record","time_s","phase","type","message","details_json","obstacle_id","peak_closing_speed_m_s","total_normal_impulse_Ns","peak_tick_impulse_Ns","estimated_peak_load_N","fender_coverage","bottomed_out","penalty_s","contact_duration_s"
"metadata","0","","schema","SI units; estimated loads are solver-dependent","{""schemaVersion"":1,""attempt"":2,""metadata"":{""boat"":{""length"":12.67,""beam"":7.04,""draft"":1.4,""mass"":13691,""engineHp"":45,""inertia"":225000,""hullRadius"":0.72,""engineOffset"":2.8,""engineAft"":-4.5,""maxThrust"":3000,""reverseEfficiency"":0.72,""engineLag"":1.1,""longitudinalDrag"":850,""lateralDrag"":12000,""yawDrag"":110000,""rudderForce"":1600,""maxRudder"":0.5235987755982988,""windArea"":38,""windLever"":1.2},""scenario"":{""version"":2,""name"":""North quay · Berth 01"",""area"":""Fictional training area"",""start"":{""x"":0,""y"":-22,""heading"":0},""target"":{""x"":0,""y"":16,""heading"":0,""width"":10,""length"":17,""positionTolerance"":1.2,""headingTolerance"":0.13962634015954636,""maxSpeed"":0.18,""maxYaw"":0.025,""dwell"":3},""wind"":{""speed"":2,""direction"":1.5707963267948966},""current"":{""x"":0,""y"":0},""collisionPenalty"":5,""obstacles"":[{""id"":""east-quay"",""name"":""East quay"",""x"":12,""y"":16,""width"":10,""length"":42,""kind"":""dock""},{""id"":""north-quay"",""name"":""North quay"",""x"":-3,""y"":34,""width"":40,""length"":6,""kind"":""dock""},{""id"":""west-limit"",""name"":""West training barrier"",""x"":-46,""y"":0,""width"":2,""length"":102,""kind"":""boundary""},{""id"":""east-limit"",""name"":""East training barrier"",""x"":46,""y"":0,""width"":2,""length"":102,""kind"":""boundary""},{""id"":""south-limit"",""name"":""South training barrier"",""x"":0,""y"":-50,""width"":94,""length"":2,""kind"":""boundary""},{""id"":""north-limit"",""name"":""North training barrier"",""x"":0,""y"":50,""width"":94,""length"":2,""kind"":""boundary""}]},""weather"":{""speed"":2,""direction"":1.5707963267948966,""currentX"":0,""currentY"":0},""fenderConfig"":{""positions"":[-3,0,3],""halfCoverage"":0.8,""thickness"":0.25,""stiffness"":18000,""damping"":3500,""maxForce"":6000,""crewSeconds"":3},""recorderConfig"":{""events"":4000,""snapshots"":7200,""sampleSeconds"":1,""separationSeconds"":0.5,""impactThreshold"":0.08,""history"":3},""mooringConfig"":{""reach"":6.5,""maxPointSpeed"":0.25,""maxYaw"":0.025,""slack"":0.2,""stiffness"":9000,""damping"":9000,""warningLoad"":7000,""breakLoad"":16000,""breakDelay"":0.4,""securedDwell"":3,""lines"":{""bow"":{""name"":""Bow"",""bollard"":""B01"",""obstacleId"":""east-quay"",""anchor"":{""x"":7.7,""y"":23},""fairlead"":{""x"":3.3,""y"":4.6}},""stern"":{""name"":""Stern"",""bollard"":""B02"",""obstacleId"":""east-quay"",""anchor"":{""x"":7.7,""y"":9},""fairlead"":{""x"":3.3,""y"":-4.6}}}},""fixedStep"":0.016666666666666666,""build"":""milestone-C-mooring""},""units"":{""time"":""s simulation time"",""position"":""m; x east, y north"",""heading"":""rad clockwise from north"",""windDirection"":""rad TOWARD"",""speed"":""m/s"",""impulse"":""N·s (normal only)"",""lineTension"":""N; modeled planar spring/damper load, not measured rope safe working load"",""lineLength"":""m (planar); rest length includes attachment slack"",""estimatedPeakLoadN"":""N = summed tick normal impulse / fixed dt; NOT physical peak force or damage""},""droppedEvents"":0,""droppedSnapshots"":0}","","","","","","","","",""
"event","0","approach","attempt.start","Approach practice started","{""attempt"":2}","","","","","","","","",""
"event","1.1333333333333342","approach","weather.change","weather: {""speed"":0,""direction"":1.5707963267948966,""currentX"":0,""currentY"":0}","{""speed"":0,""direction"":1.5707963267948966,""currentX"":0,""currentY"":0}","","","","","","","","",""
"event","1.1333333333333342","approach","engines.change","engines: {""port"":0.2,""starboard"":0}","{""port"":0.2,""starboard"":0}","","","","","","","","",""
"event","1.1333333333333342","approach","engines.change","engines: {""port"":0,""starboard"":0}","{""port"":0,""starboard"":0}","","","","","","","","",""
"event","1.566666666666666","approach","fender.command","starboard fenders: deploy (3s)","{""side"":""starboard"",""target"":true}","","","","","","","","",""
"event","4.566666666666656","approach","fender.complete","starboard fenders deployed","{""side"":""starboard"",""deployed"":true}","","","","","","","","",""
"event","5.316666666666653","approach","engines.change","engines: {""port"":1,""starboard"":0}","{""port"":1,""starboard"":0}","","","","","","","","",""
"event","5.316666666666653","approach","engines.change","engines: {""port"":1,""starboard"":1}","{""port"":1,""starboard"":1}","","","","","","","","",""
"event","29.383333333332946","approach","contact","Contact: North quay","{""obstacleId"":""north-quay"",""obstacleName"":""North quay"",""start"":29.383333333332946,""lastSeen"":31.399999999999498,""duration"":2.016666666666552,""status"":""active"",""peakSpeed"":2.4528385199827687,""totalNormalImpulseNs"":43531.63897301606,""peakTickImpulseNs"":35219.649746613606,""estimatedPeakLoadN"":2113178.9847968165,""fenderCovered"":false,""unprotectedContact"":true,""hullContact"":true,""bottomedOut"":false,""maxCompression"":0,""penaltySeconds"":5,""peakContact"":{""obstacleId"":""north-quay"",""obstacleName"":""North quay"",""side"":""port"",""worldX"":-2.696246319757762,""worldY"":31.038354023682224,""localX"":-2.8011787242279818,""localY"":6.3349990351446275,""normalX"":0,""normalY"":-1,""speed"":2.4528385199827687,""impulse"":22783.90759511161,""covered"":false,""fendersDeployed"":{""port"":false,""starboard"":true},""hullContact"":true,""compression"":0}}","north-quay","2.4528385199827687","43531.63897301606","35219.649746613606","2113178.9847968165","unprotected","false","5","2.016666666666552"
"event","29.383333333332946","approach","penalty","North quay: +5s — contact speed above 0.08 m/s","{""obstacleId"":""north-quay"",""seconds"":5,""reason"":""Contact speed threshold; fenders are not collision immunity""}","","","","","","","","",""
"event","30.64999999999954","approach","engines.change","engines: {""port"":0,""starboard"":0}","{""port"":0,""starboard"":0}","","","","","","","","",""
"event","31.399999999999498","approach","pause.change","pause: {""paused"":true}","{""paused"":true}","","","","","","","","",""
"telemetry","0","","snapshot","","{""state"":{""x"":0,""y"":-22,""heading"":0,""vx"":0,""vy"":0,""yaw"":0,""port"":0,""starboard"":0,""rudder"":0,""contact"":false,""impact"":0},""controls"":{""port"":0,""starboard"":0,""rudder"":0},""weather"":{""speed"":2,""direction"":1.5707963267948966,""currentX"":0,""currentY"":0},""fenders"":{""port"":{""deployed"":false,""target"":false,""remaining"":0},""starboard"":{""deployed"":false,""target"":false,""remaining"":0}},""mooring"":{""bow"":{""attached"":false,""restLength"":0,""tension"":0,""extension"":0,""peakTension"":0,""overloadTime"":0,""warning"":false,""broken"":false},""stern"":{""attached"":false,""restLength"":0,""tension"":0,""extension"":0,""peakTension"":0,""overloadTime"":0,""warning"":false,""broken"":false}},""course"":null,""berthBearing"":0,""phase"":""approach"",""progress"":{""elapsed"":0,""phase"":""approach"",""arrivalAt"":null,""securedAt"":null,""dwell"":0,""success"":false,""collisions"":0,""penalty"":0},""paused"":false}","","","","","","","","",""
"telemetry","1.0000000000000013","","snapshot","","{""state"":{""x"":0.003040551008666052,""y"":-22.00000010853963,""heading"":0.00022579461229684878,""vx"":0.005607757778478983,""vy"":-3.9067015507587273e-7,""yaw"":0.00042010376180447287,""port"":0,""starboard"":0,""rudder"":0,""contact"":false,""impact"":0},""controls"":{""port"":0,""starboard"":0,""rudder"":0},""weather"":{""speed"":2,""direction"":1.5707963267948966,""currentX"":0,""currentY"":0},""fenders"":{""port"":{""deployed"":false,""target"":false,""remaining"":0},""starboard"":{""deployed"":false,""target"":false,""remaining"":0}},""mooring"":{""bow"":{""attached"":false,""restLength"":0,""tension"":0,""extension"":0,""peakTension"":0,""overloadTime"":0,""warning"":false,""broken"":false},""stern"":{""attached"":false,""restLength"":0,""tension"":0,""extension"":0,""peakTension"":0,""overloadTime"":0,""warning"":false,""broken"":false}},""course"":null,""berthBearing"":-0.00008001449982874862,""phase"":""approach"",""progress"":{""elapsed"":1.0000000000000013,""phase"":""approach"",""arrivalAt"":null,""securedAt"":null,""dwell"":0,""success"":false,""collisions"":0,""penalty"":0},""paused"":false}","","","","","","","","",""
"telemetry","1.9999999999999978","","snapshot","","{""state"":{""x"":0.008354739895376434,""y"":-22.000000319543783,""heading"":0.0006333533686020948,""vx"":0.004379794737771315,""vy"":2.3627496411585186e-7,""yaw"":0.00034577075897250677,""port"":0,""starboard"":0,""rudder"":0,""contact"":false,""impact"":0},""controls"":{""port"":0,""starboard"":0,""rudder"":0},""weather"":{""speed"":0,""direction"":1.5707963267948966,""currentX"":0,""currentY"":0},""fenders"":{""port"":{""deployed"":false,""target"":false,""remaining"":0},""starboard"":{""deployed"":false,""target"":true,""remaining"":2.566666666666668}},""mooring"":{""bow"":{""attached"":false,""restLength"":0,""tension"":0,""extension"":0,""peakTension"":0,""overloadTime"":0,""warning"":false,""broken"":false},""stern"":{""attached"":false,""restLength"":0,""tension"":0,""extension"":0,""peakTension"":0,""overloadTime"":0,""warning"":false,""broken"":false}},""course"":null,""berthBearing"":-0.00021986157080265274,""phase"":""approach"",""progress"":{""elapsed"":1.9999999999999978,""phase"":""approach"",""arrivalAt"":null,""securedAt"":null,""dwell"":0,""success"":false,""collisions"":0,""penalty"":0},""paused"":false}","","","","","","","","",""
"telemetry","2.9999999999999942","","snapshot","","{""state"":{""x"":0.011954002200663777,""y"":-21.99999955588951,""heading"":0.0009251315033206893,""vx"":0.0029390232886062893,""vy"":0.0000012650881915056077,""yaw"":0.0002452150636717356,""port"":0,""starboard"":0,""rudder"":0,""contact"":false,""impact"":0},""controls"":{""port"":0,""starboard"":0,""rudder"":0},""weather"":{""speed"":0,""direction"":1.5707963267948966,""currentX"":0,""currentY"":0},""fenders"":{""port"":{""deployed"":false,""target"":false,""remaining"":0},""starboard"":{""deployed"":false,""target"":true,""remaining"":1.5666666666666718}},""mooring"":{""bow"":{""attached"":false,""restLength"":0,""tension"":0,""extension"":0,""peakTension"":0,""overloadTime"":0,""warning"":false,""broken"":false},""stern"":{""attached"":false,""restLength"":0,""tension"":0,""extension"":0,""peakTension"":0,""overloadTime"":0,""warning"":false,""broken"":false}},""course"":null,""berthBearing"":-0.0003145789985802404,""phase"":""approach"",""progress"":{""elapsed"":2.9999999999999942,""phase"":""approach"",""arrivalAt"":null,""securedAt"":null,""dwell"":0,""success"":false,""collisions"":0,""penalty"":0},""paused"":false}","","","","","","","","",""
"telemetry","3.9999999999999907","","snapshot","","{""state"":{""x"":0.01437054989044991,""y"":-21.99999782375108,""heading"":0.0011320693269055502,""vx"":0.0019742838567135255,""vy"":0.000002150173406747282,""yaw"":0.0001739248250891481,""port"":0,""starboard"":0,""rudder"":0,""contact"":false,""impact"":0},""controls"":{""port"":0,""starboard"":0,""rudder"":0},""weather"":{""speed"":0,""direction"":1.5707963267948966,""currentX"":0,""currentY"":0},""fenders"":{""port"":{""deployed"":false,""target"":false,""remaining"":0},""starboard"":{""deployed"":false,""target"":true,""remaining"":0.5666666666666724}},""mooring"":{""bow"":{""attached"":false,""restLength"":0,""tension"":0,""extension"":0,""peakTension"":0,""overloadTime"":0,""warning"":false,""broken"":false},""stern"":{""attached"":false,""restLength"":0,""tension"":0,""extension"":0,""peakTension"":0,""overloadTime"":0,""warning"":false,""broken"":false}},""course"":null,""berthBearing"":-0.0003781723691679528,""phase"":""approach"",""progress"":{""elapsed"":3.9999999999999907,""phase"":""approach"",""arrivalAt"":null,""securedAt"":null,""dwell"":0,""success"":false,""collisions"":0,""penalty"":0},""paused"":false}","","","","","","","","",""
"telemetry","4.999999999999988","","snapshot","","{""state"":{""x"":0.01599444456477085,""y"":-21.999995315848658,""heading"":0.0012788518346012437,""vx"":0.0013271584084761235,""vy"":0.0000028181576341039824,""yaw"":0.00012337163591673086,""port"":0,""starboard"":0,""rudder"":0,""contact"":false,""impact"":0},""controls"":{""port"":0,""starboard"":0,""rudder"":0},""weather"":{""speed"":0,""direction"":1.5707963267948966,""currentX"":0,""currentY"":0},""fenders"":{""port"":{""deployed"":false,""target"":false,""remaining"":0},""starboard"":{""deployed"":true,""target"":true,""remaining"":0}},""mooring"":{""bow"":{""attached"":false,""restLength"":0,""tension"":0,""extension"":0,""peakTension"":0,""overloadTime"":0,""warning"":false,""broken"":false},""stern"":{""attached"":false,""restLength"":0,""tension"":0,""extension"":0,""peakTension"":0,""overloadTime"":0,""warning"":false,""broken"":false}},""course"":null,""berthBearing"":-0.00042090646294271446,""phase"":""approach"",""progress"":{""elapsed"":4.999999999999988,""phase"":""approach"",""arrivalAt"":null,""securedAt"":null,""dwell"":0,""success"":false,""collisions"":0,""penalty"":0},""paused"":false}","","","","","","","","",""
"telemetry","5.999999999999984","","snapshot","","{""state"":{""x"":0.01711260726668508,""y"":-21.980525035863863,""heading"":0.0013829737648241064,""vx"":0.0009981885217905182,""vy"":0.07759495280730613,""yaw"":0.00008751790528640021,""port"":0.4627072212445385,""starboard"":0.4627072212445385,""rudder"":0,""contact"":false,""impact"":0},""controls"":{""port"":1,""starboard"":1,""rudder"":0},""weather"":{""speed"":0,""direction"":1.5707963267948966,""currentX"":0,""currentY"":0},""fenders"":{""port"":{""deployed"":false,""target"":false,""remaining"":0},""starboard"":{""deployed"":true,""target"":true,""remaining"":0}},""mooring"":{""bow"":{""attached"":false,""restLength"":0,""tension"":0,""extension"":0,""peakTension"":0,""overloadTime"":0,""warning"":false,""broken"":false},""stern"":{""attached"":false,""restLength"":0,""tension"":0,""extension"":0,""peakTension"":0,""overloadTime"":0,""warning"":false,""broken"":false}},""course"":null,""berthBearing"":-0.00045056265263670824,""phase"":""approach"",""progress"":{""elapsed"":5.999999999999984,""phase"":""approach"",""arrivalAt"":null,""securedAt"":null,""dwell"":0,""success"":false,""collisions"":0,""penalty"":0},""paused"":false}","","","","","","","","",""
"telemetry","6.9999999999999805","","snapshot","","{""state"":{""x"":0.01813767146058492,""y"":-21.77255939743189,""heading"":0.0014568379366368947,""vx"":0.001102855777638776,""vy"":0.3543063638038952,""yaw"":0.00006208665091839627,""port"":0.7835299396119308,""starboard"":0.7835299396119308,""rudder"":0,""contact"":false,""impact"":0},""controls"":{""port"":1,""starboard"":1,""rudder"":0},""weather"":{""speed"":0,""direction"":1.5707963267948966,""currentX"":0,""currentY"":0},""fenders"":{""port"":{""deployed"":false,""target"":false,""remaining"":0},""starboard"":{""deployed"":true,""target"":true,""remaining"":0}},""mooring"":{""bow"":{""attached"":false,""restLength"":0,""tension"":0,""extension"":0,""peakTension"":0,""overloadTime"":0,""warning"":false,""broken"":false},""stern"":{""attached"":false,""restLength"":0,""tension"":0,""extension"":0,""peakTension"":0,""overloadTime"":0,""warning"":false,""broken"":false}},""course"":0.003112707894822259,""berthBearing"":-0.0004801811250257357,""phase"":""approach"",""progress"":{""elapsed"":6.9999999999999805,""phase"":""approach"",""arrivalAt"":null,""securedAt"":null,""dwell"":0,""success"":false,""collisions"":0,""penalty"":0},""paused"":false}","","","","","","","","",""
"telemetry","7.999999999999977","","snapshot","","{""state"":{""x"":0.019394545529132116,""y"":-21.244517214415946,""heading"":0.0015092392611479146,""vx"":0.001428586778090986,""vy"":0.7000394397057197,""yaw"":0.00004404671671218219,""port"":0.91278630776882,""starboard"":0.91278630776882,""rudder"":0,""contact"":false,""impact"":0},""controls"":{""port"":1,""starboard"":1,""rudder"":0},""weather"":{""speed"":0,""direction"":1.5707963267948966,""currentX"":0,""currentY"":0},""fenders"":{""port"":{""deployed"":false,""target"":false,""remaining"":0},""starboard"":{""deployed"":true,""target"":true,""remaining"":0}},""mooring"":{""bow"":{""attached"":false,""restLength"":0,""tension"":0,""extension"":0,""peakTension"":0,""overloadTime"":0,""warning"":false,""broken"":false},""stern"":{""attached"":false,""restLength"":0,""tension"":0,""extension"":0,""peakTension"":0,""overloadTime"":0,""warning"":false,""broken"":false}},""course"":0.0020407204422016882,""berthBearing"":-0.0005207355397959432,""phase"":""approach"",""progress"":{""elapsed"":7.999999999999977,""phase"":""approach"",""arrivalAt"":null,""securedAt"":null,""dwell"":0,""success"":false,""collisions"":0,""penalty"":0},""paused"":false}","","","","","","","","",""
"telemetry","9.000000000000027","","snapshot","","{""state"":{""x"":0.021028095582310977,""y"":-20.36783850227025,""heading"":0.0015464152572747104,""vx"":0.0018375602656036478,""vy"":1.0436395672376944,""yaw"":0.00003124918999349105,""port"":0.9648624474952371,""starboard"":0.9648624474952371,""rudder"":0,""contact"":false,""impact"":0},""controls"":{""port"":1,""starboard"":1,""rudder"":0},""weather"":{""speed"":0,""direction"":1.5707963267948966,""currentX"":0,""currentY"":0},""fenders"":{""port"":{""deployed"":false,""target"":false,""remaining"":0},""starboard"":{""deployed"":true,""target"":true,""remaining"":0}},""mooring"":{""bow"":{""attached"":false,""restLength"":0,""tension"":0,""extension"":0,""peakTension"":0,""overloadTime"":0,""warning"":false,""broken"":false},""stern"":{""attached"":false,""restLength"":0,""tension"":0,""extension"":0,""peakTension"":0,""overloadTime"":0,""warning"":false,""broken"":false}},""course"":0.001760721253190206,""berthBearing"":-0.0005782057473009858,""phase"":""approach"",""progress"":{""elapsed"":9.000000000000027,""phase"":""approach"",""arrivalAt"":null,""securedAt"":null,""dwell"":0,""success"":false,""collisions"":0,""penalty"":0},""paused"":false}","","","","","","","","",""
"telemetry","10.000000000000076","","snapshot","","{""state"":{""x"":0.02307736956054985,""y"":-19.163900255290223,""heading"":0.0015727901930065583,""vx"":0.0022503185760609657,""vy"":1.3516208595053543,""yaw"":0.000022170271548225874,""port"":0.9858434201736094,""starboard"":0.9858434201736094,""rudder"":0,""contact"":false,""impact"":0},""controls"":{""port"":1,""starboard"":1,""rudder"":0},""weather"":{""speed"":0,""direction"":1.5707963267948966,""currentX"":0,""currentY"":0},""fenders"":{""port"":{""deployed"":false,""target"":false,""remaining"":0},""starboard"":{""deployed"":true,""target"":true,""remaining"":0}},""mooring"":{""bow"":{""attached"":false,""restLength"":0,""tension"":0,""extension"":0,""peakTension"":0,""overloadTime"":0,""warning"":false,""broken"":false},""stern"":{""attached"":false,""restLength"":0,""tension"":0,""extension"":0,""peakTension"":0,""overloadTime"":0,""warning"":false,""broken"":false}},""course"":0.0016649021661779824,""berthBearing"":-0.0006562800508430489,""phase"":""approach"",""progress"":{""elapsed"":10.000000000000076,""phase"":""approach"",""arrivalAt"":null,""securedAt"":null,""dwell"":0,""success"":false,""collisions"":0,""penalty"":0},""paused"":false}","","","","","","","","",""
"telemetry","11.000000000000126","","snapshot","","{""state"":{""x"":0.025522247349094935,""y"":-17.676229284299406,""heading"":0.0015915024506082435,""vx"":0.0026247406756958456,""vy"":1.6109023720389957,""yaw"":0.000015729257921683537,""port"":0.9942964510019927,""starboard"":0.9942964510019927,""rudder"":0,""contact"":false,""impact"":0},""controls"":{""port"":1,""starboard"":1,""rudder"":0},""weather"":{""speed"":0,""direction"":1.5707963267948966,""currentX"":0,""currentY"":0},""fenders"":{""port"":{""deployed"":false,""target"":false,""remaining"":0},""starboard"":{""deployed"":true,""target"":true,""remaining"":0}},""mooring"":{""bow"":{""attached"":false,""restLength"":0,""tension"":0,""extension"":0,""peakTension"":0,""overloadTime"":0,""warning"":false,""broken"":false},""stern"":{""attached"":false,""restLength"":0,""tension"":0,""extension"":0,""peakTension"":0,""overloadTime"":0,""warning"":false,""broken"":false}},""course"":0.0016293590465343499,""berthBearing"":-0.0007578711454670092,""phase"":""approach"",""progress"":{""elapsed"":11.000000000000126,""phase"":""approach"",""arrivalAt"":null,""securedAt"":null,""dwell"":0,""success"":false,""collisions"":0,""penalty"":0},""paused"":false}","","","","","","","","",""
"telemetry","12.000000000000176","","snapshot","","{""state"":{""x"":0.028313712329935358,""y"":-15.955009122966295,""heading"":0.0016047783881073556,""vx"":0.0029429195917391533,""vy"":1.8199368849270479,""yaw"":0.000011159608911408457,""port"":0.9977020953103357,""starboard"":0.9977020953103357,""rudder"":0,""contact"":false,""impact"":0},""controls"":{""port"":1,""starboard"":1,""rudder"":0},""weather"":{""speed"":0,""direction"":1.5707963267948966,""currentX"":0,""currentY"":0},""fenders"":{""port"":{""deployed"":false,""target"":false,""remaining"":0},""starboard"":{""deployed"":true,""target"":true,""remaining"":0}},""mooring"":{""bow"":{""attached"":false,""restLength"":0,""tension"":0,""extension"":0,""peakTension"":0,""overloadTime"":0,""warning"":false,""broken"":false},""stern"":{""attached"":false,""restLength"":0,""tension"":0,""extension"":0,""peakTension"":0,""overloadTime"":0,""warning"":false,""broken"":false}},""course"":0.0016170434541080178,""berthBearing"":-0.0008860490326084335,""phase"":""approach"",""progress"":{""elapsed"":12.000000000000176,""phase"":""approach"",""arrivalAt"":null,""securedAt"":null,""dwell"":0,""success"":false,""collisions"":0,""penalty"":0},""paused"":false}","","","","","","","","",""
"telemetry","13.000000000000226","","snapshot","","{""state"":{""x"":0.03139299399979725,""y"":-14.04852387692154,""heading"":0.0016141974403835156,""vx"":0.0032016592981033995,""vy"":1.9832437875272813,""yaw"":0.000007917575386302317,""port"":0.9990741964407377,""starboard"":0.9990741964407377,""rudder"":0,""contact"":false,""impact"":0},""controls"":{""port"":1,""starboard"":1,""rudder"":0},""weather"":{""speed"":0,""direction"":1.5707963267948966,""currentX"":0,""currentY"":0},""fenders"":{""port"":{""deployed"":false,""target"":false,""remaining"":0},""starboard"":{""deployed"":true,""target"":true,""remaining"":0}},""mooring"":{""bow"":{""attached"":false,""restLength"":0,""tension"":0,""extension"":0,""peakTension"":0,""overloadTime"":0,""warning"":false,""broken"":false},""stern"":{""attached"":false,""restLength"":0,""tension"":0,""extension"":0,""peakTension"":0,""overloadTime"":0,""warning"":false,""broken"":false}},""course"":0.0016143534833776832,""berthBearing"":-0.0010447429200413341,""phase"":""approach"",""progress"":{""elapsed"":13.000000000000226,""phase"":""approach"",""arrivalAt"":null,""securedAt"":null,""dwell"":0,""success"":false,""collisions"":0,""penalty"":0},""paused"":false}","","","","","","","","",""
"telemetry","14.000000000000275","","snapshot","","{""state"":{""x"":0.034702596510413436,""y"":-11.99901108870937,""heading"":0.001620880130708136,""vx"":0.0034056400085371386,""vy"":2.1078995422964746,""yaw"":0.000005617423975158451,""port"":0.9996270027063358,""starboard"":0.9996270027063358,""rudder"":0,""contact"":false,""impact"":0},""controls"":{""port"":1,""starboard"":1,""rudder"":0},""weather"":{""speed"":0,""direction"":1.5707963267948966,""currentX"":0,""currentY"":0},""fenders"":{""port"":{""deployed"":false,""target"":false,""remaining"":0},""starboard"":{""deployed"":true,""target"":true,""remaining"":0}},""mooring"":{""bow"":{""attached"":false,""restLength"":0,""tension"":0,""extension"":0,""peakTension"":0,""overloadTime"":0,""warning"":false,""broken"":false},""stern"":{""attached"":false,""restLength"":0,""tension"":0,""extension"":0,""peakTension"":0,""overloadTime"":0,""warning"":false,""broken"":false}},""course"":0.0016156543406877575,""berthBearing"":-0.0012394215863844335,""phase"":""approach"",""progress"":{""elapsed"":14.000000000000275,""phase"":""approach"",""arrivalAt"":null,""securedAt"":null,""dwell"":0,""success"":false,""collisions"":0,""penalty"":0},""paused"":false}","","","","","","","","",""
"telemetry","15.000000000000325","","snapshot","","{""state"":{""x"":0.03819170418631779,""y"":-9.841273369869922,""heading"":0.0016256214256190919,""vx"":0.0035629049385563602,""vy"":2.201435208318161,""yaw"":0.0000039855058644808906,""port"":0.9998497230004263,""starboard"":0.9998497230004263,""rudder"":0,""contact"":false,""impact"":0},""controls"":{""port"":1,""starboard"":1,""rudder"":0},""weather"":{""speed"":0,""direction"":1.5707963267948966,""currentX"":0,""currentY"":0},""fenders"":{""port"":{""deployed"":false,""target"":false,""remaining"":0},""starboard"":{""deployed"":true,""target"":true,""remaining"":0}},""mooring"":{""bow"":{""attached"":false,""restLength"":0,""tension"":0,""extension"":0,""peakTension"":0,""overloadTime"":0,""warning"":false,""broken"":false},""stern"":{""attached"":false,""restLength"":0,""tension"":0,""extension"":0,""peakTension"":0,""overloadTime"":0,""warning"":false,""broken"":false}},""course"":0.001618445009984724,""berthBearing"":-0.001477933220722578,""phase"":""approach"",""progress"":{""elapsed"":15.000000000000325,""phase"":""approach"",""arrivalAt"":null,""securedAt"":null,""dwell"":0,""success"":false,""collisions"":0,""penalty"":0},""paused"":false}","","","","","","","","",""
"telemetry","16.000000000000373","","snapshot","","{""state"":{""x"":0.04181806161962678,""y"":-7.602848910802963,""heading"":0.001628985330219225,""vx"":0.00368220193956818,""vy"":2.270740931411804,""yaw"":0.0000028276821554362624,""port"":0.9999394548513232,""starboard"":0.9999394548513232,""rudder"":0,""contact"":false,""impact"":0},""controls"":{""port"":1,""starboard"":1,""rudder"":0},""weather"":{""speed"":0,""direction"":1.5707963267948966,""currentX"":0,""currentY"":0},""fenders"":{""port"":{""deployed"":false,""target"":false,""remaining"":0},""starboard"":{""deployed"":true,""target"":true,""remaining"":0}},""mooring"":{""bow"":{""attached"":false,""restLength"":0,""tension"":0,""extension"":0,""peakTension"":0,""overloadTime"":0,""warning"":false,""broken"":false},""stern"":{""attached"":false,""restLength"":0,""tension"":0,""extension"":0,""peakTension"":0,""overloadTime"":0,""warning"":false,""broken"":false}},""course"":0.0016215846823983506,""berthBearing"":-0.0017717360315842568,""phase"":""approach"",""progress"":{""elapsed"":16.000000000000373,""phase"":""approach"",""arrivalAt"":null,""securedAt"":null,""dwell"":0,""success"":false,""collisions"":0,""penalty"":0},""paused"":false}","","","","","","","","",""
"telemetry","17.000000000000316","","snapshot","","{""state"":{""x"":0.04554790243500223,""y"":-5.304919209018566,""heading"":0.0016313719933842546,""vx"":0.003771626378209959,""vy"":2.321622205033039,""yaw"":0.0000020062191017948478,""port"":0.9999756069455824,""starboard"":0.9999756069455824,""rudder"":0,""contact"":false,""impact"":0},""controls"":{""port"":1,""starboard"":1,""rudder"":0},""weather"":{""speed"":0,""direction"":1.5707963267948966,""currentX"":0,""currentY"":0},""fenders"":{""port"":{""deployed"":false,""target"":false,""remaining"":0},""starboard"":{""deployed"":true,""target"":true,""remaining"":0}},""mooring"":{""bow"":{""attached"":false,""restLength"":0,""tension"":0,""extension"":0,""peakTension"":0,""overloadTime"":0,""warning"":false,""broken"":false},""stern"":{""attached"":false,""restLength"":0,""tension"":0,""extension"":0,""peakTension"":0,""overloadTime"":0,""warning"":false,""broken"":false}},""course"":0.0016245636572559225,""berthBearing"":-0.0021379021715117576,""phase"":""approach"",""progress"":{""elapsed"":17.000000000000316,""phase"":""approach"",""arrivalAt"":null,""securedAt"":null,""dwell"":0,""success"":false,""collisions"":0,""penalty"":0},""paused"":false}","","","","","","","","",""
"telemetry","18.00000000000026","","snapshot","","{""state"":{""x"":0.049354966776309545,""y"":-2.9634522422586764,""heading"":0.001633065313735638,""vx"":0.0038380700465369226,""vy"":2.358727303145558,""yaw"":0.0000014233987457446358,""port"":0.9999901722744629,""starboard"":0.9999901722744629,""rudder"":0,""contact"":false,""impact"":0},""controls"":{""port"":1,""starboard"":1,""rudder"":0},""weather"":{""speed"":0,""direction"":1.5707963267948966,""currentX"":0,""currentY"":0},""fenders"":{""port"":{""deployed"":false,""target"":false,""remaining"":0},""starboard"":{""deployed"":true,""target"":true,""remaining"":0}},""mooring"":{""bow"":{""attached"":false,""restLength"":0,""tension"":0,""extension"":0,""peakTension"":0,""overloadTime"":0,""warning"":false,""broken"":false},""stern"":{""attached"":false,""restLength"":0,""tension"":0,""extension"":0,""peakTension"":0,""overloadTime"":0,""warning"":false,""broken"":false}},""course"":0.0016271769331109845,""berthBearing"":-0.0026026302968165074,""phase"":""approach"",""progress"":{""elapsed"":18.00000000000026,""phase"":""approach"",""arrivalAt"":null,""securedAt"":null,""dwell"":0,""success"":false,""collisions"":0,""penalty"":0},""paused"":false}","","","","","","","","",""
"telemetry","19.000000000000203","","snapshot","","{""state"":{""x"":0.053219217694187075,""y"":-0.5903142392810377,""heading"":0.0016342667134020387,""vx"":0.0038871140025050306,""vy"":2.385654903003332,""yaw"":0.0000010098924227540413,""port"":0.9999960405044984,""starboard"":0.9999960405044984,""rudder"":0,""contact"":false,""impact"":0},""controls"":{""port"":1,""starboard"":1,""rudder"":0},""weather"":{""speed"":0,""direction"":1.5707963267948966,""currentX"":0,""currentY"":0},""fenders"":{""port"":{""deployed"":false,""target"":false,""remaining"":0},""starboard"":{""deployed"":true,""target"":true,""remaining"":0}},""mooring"":{""bow"":{""attached"":false,""restLength"":0,""tension"":0,""extension"":0,""peakTension"":0,""overloadTime"":0,""warning"":false,""broken"":false},""stern"":{""attached"":false,""restLength"":0,""tension"":0,""extension"":0,""peakTension"":0,""overloadTime"":0,""warning"":false,""broken"":false}},""course"":0.00162936833727325,""berthBearing"":-0.0032078376805057354,""phase"":""approach"",""progress"":{""elapsed"":19.000000000000203,""phase"":""approach"",""arrivalAt"":null,""securedAt"":null,""dwell"":0,""success"":false,""collisions"":0,""penalty"":0},""paused"":false}","","","","","","","","",""
"telemetry","20.000000000000146","","snapshot","","{""state"":{""x"":0.057125573128065425,""y"":1.8057667628992562,""heading"":0.001635119099103931,""vx"":0.003923134223145256,""vy"":2.405128047403919,""yaw"":7.165126680680578e-7,""port"":0.9999984047575843,""starboard"":0.9999984047575843,""rudder"":0,""contact"":false,""impact"":0},""controls"":{""port"":1,""starboard"":1,""rudder"":0},""weather"":{""speed"":0,""direction"":1.5707963267948966,""currentX"":0,""currentY"":0},""fenders"":{""port"":{""deployed"":false,""target"":false,""remaining"":0},""starboard"":{""deployed"":true,""target"":true,""remaining"":0}},""mooring"":{""bow"":{""attached"":false,""restLength"":0,""tension"":0,""extension"":0,""peakTension"":0,""overloadTime"":0,""warning"":false,""broken"":false},""stern"":{""attached"":false,""restLength"":0,""tension"":0,""extension"":0,""peakTension"":0,""overloadTime"":0,""warning"":false,""broken"":false}},""course"":0.0016311525484082197,""berthBearing"":-0.004024540371710527,""phase"":""approach"",""progress"":{""elapsed"":20.000000000000146,""phase"":""approach"",""arrivalAt"":null,""securedAt"":null,""dwell"":0,""success"":false,""collisions"":0,""penalty"":0},""paused"":false}","","","","","","","","",""
"telemetry","21.00000000000009","","snapshot","","{""state"":{""x"":0.06106279232427026,""y"":4.2184180232225215,""heading"":0.0016357238618028402,""vx"":0.003949487736572532,""vy"":2.4191747650390365,""yaw"":5.083616629305338e-7,""port"":0.9999993572922703,""starboard"":0.9999993572922703,""rudder"":0,""contact"":false,""impact"":0},""controls"":{""port"":1,""starboard"":1,""rudder"":0},""weather"":{""speed"":0,""direction"":1.5707963267948966,""currentX"":0,""currentY"":0},""fenders"":{""port"":{""deployed"":false,""target"":false,""remaining"":0},""starboard"":{""deployed"":true,""target"":true,""remaining"":0}},""mooring"":{""bow"":{""attached"":false,""restLength"":0,""tension"":0,""extension"":0,""peakTension"":0,""overloadTime"":0,""warning"":false,""broken"":false},""stern"":{""attached"":false,""restLength"":0,""tension"":0,""extension"":0,""peakTension"":0,""overloadTime"":0,""warning"":false,""broken"":false}},""course"":0.001632574994080744,""berthBearing"":-0.005182856231653249,""phase"":""approach"",""progress"":{""elapsed"":21.00000000000009,""phase"":""approach"",""arrivalAt"":null,""securedAt"":null,""dwell"":0,""success"":false,""collisions"":0,""penalty"":0},""paused"":false}","","","","","","","","",""
"telemetry","22.000000000000032","","snapshot","","{""state"":{""x"":0.06502255840480595,""y"":6.643010968309284,""heading"":0.0016361529375547201,""vx"":0.0039687110036957084,""vy"":2.429288751010733,""yaw"":3.606798019872081e-7,""port"":0.9999997410592761,""starboard"":0.9999997410592761,""rudder"":0,""contact"":false,""impact"":0},""controls"":{""port"":1,""starboard"":1,""rudder"":0},""weather"":{""speed"":0,""direction"":1.5707963267948966,""currentX"":0,""currentY"":0},""fenders"":{""port"":{""deployed"":false,""target"":false,""remaining"":0},""starboard"":{""deployed"":true,""target"":true,""remaining"":0}},""mooring"":{""bow"":{""attached"":false,""restLength"":0,""tension"":0,""extension"":0,""peakTension"":0,""overloadTime"":0,""warning"":false,""broken"":false},""stern"":{""attached"":false,""restLength"":0,""tension"":0,""extension"":0,""peakTension"":0,""overloadTime"":0,""warning"":false,""broken"":false}},""course"":0.0016336911251428987,""berthBearing"":-0.006948978092385432,""phase"":""approach"",""progress"":{""elapsed"":22.000000000000032,""phase"":""approach"",""arrivalAt"":null,""securedAt"":null,""dwell"":0,""success"":false,""collisions"":0,""penalty"":0},""paused"":false}","","","","","","","","",""
"telemetry","22.999999999999975","","snapshot","","{""state"":{""x"":0.0689987514303751,""y"":9.07619649972457,""heading"":0.0016364573644675256,""vx"":0.003982699785345694,""vy"":2.4365615433030894,""yaw"":2.5590038127636807e-7,""port"":0.9999998956752885,""starboard"":0.9999998956752885,""rudder"":0,""contact"":false,""impact"":0},""controls"":{""port"":1,""starboard"":1,""rudder"":0},""weather"":{""speed"":0,""direction"":1.5707963267948966,""currentX"":0,""currentY"":0},""fenders"":{""port"":{""deployed"":false,""target"":false,""remaining"":0},""starboard"":{""deployed"":true,""target"":true,""remaining"":0}},""mooring"":{""bow"":{""attached"":false,""restLength"":0,""tension"":0,""extension"":0,""peakTension"":0,""overloadTime"":0,""warning"":false,""broken"":false},""stern"":{""attached"":false,""restLength"":0,""tension"":0,""extension"":0,""peakTension"":0,""overloadTime"":0,""warning"":false,""broken"":false}},""course"":0.001634555978827879,""berthBearing"":-0.009965110574697497,""phase"":""approach"",""progress"":{""elapsed"":22.999999999999975,""phase"":""approach"",""arrivalAt"":null,""securedAt"":null,""dwell"":0,""success"":false,""collisions"":0,""penalty"":0},""paused"":false}","","","","","","","","",""
"telemetry","23.99999999999992","","snapshot","","{""state"":{""x"":0.07298688685047931,""y"":11.515557857920461,""heading"":0.0016366733537404338,""vx"":0.003992859798633638,""vy"":2.4417863678436222,""yaw"":1.815599688313667e-7,""port"":0.9999999579685834,""starboard"":0.9999999579685834,""rudder"":0,""contact"":false,""impact"":0},""controls"":{""port"":1,""starboard"":1,""rudder"":0},""weather"":{""speed"":0,""direction"":1.5707963267948966,""currentX"":0,""currentY"":0},""fenders"":{""port"":{""deployed"":false,""target"":false,""remaining"":0},""starboard"":{""deployed"":true,""target"":true,""remaining"":0}},""mooring"":{""bow"":{""attached"":false,""restLength"":0,""tension"":0,""extension"":0,""peakTension"":0,""overloadTime"":0,""warning"":false,""broken"":false},""stern"":{""attached"":false,""restLength"":0,""tension"":0,""extension"":0,""peakTension"":0,""overloadTime"":0,""warning"":false,""broken"":false}},""course"":0.0016352193182514261,""berthBearing"":-0.01627414089773179,""phase"":""approach"",""progress"":{""elapsed"":23.99999999999992,""phase"":""approach"",""arrivalAt"":null,""securedAt"":null,""dwell"":0,""success"":false,""collisions"":0,""penalty"":0},""paused"":false}","","","","","","","","",""
"telemetry","24.99999999999986","","snapshot","","{""state"":{""x"":0.07698368914493901,""y"":13.959354451197326,""heading"":0.0016368265969958142,""vx"":0.004000227263253269,""vy"":2.445537386622496,""yaw"":1.288158506428725e-7,""port"":0.9999999830659491,""starboard"":0.9999999830659491,""rudder"":0,""contact"":false,""impact"":0},""controls"":{""port"":1,""starboard"":1,""rudder"":0},""weather"":{""speed"":0,""direction"":1.5707963267948966,""currentX"":0,""currentY"":0},""fenders"":{""port"":{""deployed"":false,""target"":false,""remaining"":0},""starboard"":{""deployed"":true,""target"":true,""remaining"":0}},""mooring"":{""bow"":{""attached"":false,""restLength"":0,""tension"":0,""extension"":0,""peakTension"":0,""overloadTime"":0,""warning"":false,""broken"":false},""stern"":{""attached"":false,""restLength"":0,""tension"":0,""extension"":0,""peakTension"":0,""overloadTime"":0,""warning"":false,""broken"":false}},""course"":0.0016357237952997162,""berthBearing"":-0.037707283162773726,""phase"":""approach"",""progress"":{""elapsed"":24.99999999999986,""phase"":""approach"",""arrivalAt"":null,""securedAt"":null,""dwell"":0,""success"":false,""collisions"":0,""penalty"":0},""paused"":false}","","","","","","","","",""
"telemetry","25.999999999999805","","snapshot","","{""state"":{""x"":0.08098677201475435,""y"":16.406334415864663,""heading"":0.0016369353222895682,""vx"":0.004005562614616729,""vy"":2.44822902433478,""yaw"":9.139417986496588e-8,""port"":0.9999999931774348,""starboard"":0.9999999931774348,""rudder"":0,""contact"":false,""impact"":0},""controls"":{""port"":1,""starboard"":1,""rudder"":0},""weather"":{""speed"":0,""direction"":1.5707963267948966,""currentX"":0,""currentY"":0},""fenders"":{""port"":{""deployed"":false,""target"":false,""remaining"":0},""starboard"":{""deployed"":true,""target"":true,""remaining"":0}},""mooring"":{""bow"":{""attached"":false,""restLength"":0,""tension"":0,""extension"":0,""peakTension"":0,""overloadTime"":0,""warning"":false,""broken"":false},""stern"":{""attached"":false,""restLength"":0,""tension"":0,""extension"":0,""peakTension"":0,""overloadTime"":0,""warning"":false,""broken"":false}},""course"":0.0016361047110871852,""berthBearing"":-2.944860028782563,""phase"":""approach"",""progress"":{""elapsed"":25.999999999999805,""phase"":""approach"",""arrivalAt"":null,""securedAt"":null,""dwell"":0,""success"":false,""collisions"":0,""penalty"":0},""paused"":false}","","","","","","","","",""
"telemetry","26.999999999999748","","snapshot","","{""state"":{""x"":0.08499440058449217,""y"":18.85559828560554,""heading"":0.0016370124623250077,""vx"":0.004009421972100962,""vy"":2.4501598064624472,""yaw"":6.484370092750047e-8,""port"":0.9999999972512545,""starboard"":0.9999999972512545,""rudder"":0,""contact"":false,""impact"":0},""controls"":{""port"":1,""starboard"":1,""rudder"":0},""weather"":{""speed"":0,""direction"":1.5707963267948966,""currentX"":0,""currentY"":0},""fenders"":{""port"":{""deployed"":false,""target"":false,""remaining"":0},""starboard"":{""deployed"":true,""target"":true,""remaining"":0}},""mooring"":{""bow"":{""attached"":false,""restLength"":0,""tension"":0,""extension"":0,""peakTension"":0,""overloadTime"":0,""warning"":false,""broken"":false},""stern"":{""attached"":false,""restLength"":0,""tension"":0,""extension"":0,""peakTension"":0,""overloadTime"":0,""warning"":false,""broken"":false}},""course"":0.0016363905663417616,""berthBearing"":-3.111837307608343,""phase"":""approach"",""progress"":{""elapsed"":26.999999999999748,""phase"":""approach"",""arrivalAt"":null,""securedAt"":null,""dwell"":0,""success"":false,""collisions"":0,""penalty"":0},""paused"":false}","","","","","","","","",""
"telemetry","27.99999999999969","","snapshot","","{""state"":{""x"":0.08900531572300528,""y"":21.306500252972384,""heading"":0.0016370671927846152,""vx"":0.004012210923602943,""vy"":2.451544462469703,""yaw"":4.600627404783533e-8,""port"":0.9999999988925571,""starboard"":0.9999999988925571,""rudder"":0,""contact"":false,""impact"":0},""controls"":{""port"":1,""starboard"":1,""rudder"":0},""weather"":{""speed"":0,""direction"":1.5707963267948966,""currentX"":0,""currentY"":0},""fenders"":{""port"":{""deployed"":false,""target"":false,""remaining"":0},""starboard"":{""deployed"":true,""target"":true,""remaining"":0}},""mooring"":{""bow"":{""attached"":false,""restLength"":0,""tension"":0,""extension"":0,""peakTension"":0,""overloadTime"":0,""warning"":false,""broken"":false},""stern"":{""attached"":false,""restLength"":0,""tension"":0,""extension"":0,""peakTension"":0,""overloadTime"":0,""warning"":false,""broken"":false}},""course"":0.0016366039461350556,""berthBearing"":-3.1248213417500903,""phase"":""approach"",""progress"":{""elapsed"":27.99999999999969,""phase"":""approach"",""arrivalAt"":null,""securedAt"":null,""dwell"":0,""success"":false,""collisions"":0,""penalty"":0},""paused"":false}","","","","","","","","",""
"telemetry","28.999999999999634","","snapshot","","{""state"":{""x"":0.09301860488625517,""y"":23.758576871811073,""heading"":0.0016371060237661376,""vx"":0.004014224620027283,""vy"":2.452537288306516,""yaw"":3.2641216796055206e-8,""port"":0.9999999995538219,""starboard"":0.9999999995538219,""rudder"":0,""contact"":false,""impact"":0},""controls"":{""port"":1,""starboard"":1,""rudder"":0},""weather"":{""speed"":0,""direction"":1.5707963267948966,""currentX"":0,""currentY"":0},""fenders"":{""port"":{""deployed"":false,""target"":false,""remaining"":0},""starboard"":{""deployed"":true,""target"":true,""remaining"":0}},""mooring"":{""bow"":{""attached"":false,""restLength"":0,""tension"":0,""extension"":0,""peakTension"":0,""overloadTime"":0,""warning"":false,""broken"":false},""stern"":{""attached"":false,""restLength"":0,""tension"":0,""extension"":0,""peakTension"":0,""overloadTime"":0,""warning"":false,""broken"":false}},""course"":0.0016367624885766107,""berthBearing"":-3.1296040956367244,""phase"":""approach"",""progress"":{""elapsed"":28.999999999999634,""phase"":""approach"",""arrivalAt"":null,""securedAt"":null,""dwell"":0,""success"":false,""collisions"":0,""penalty"":0},""paused"":false}","","","","","","","","",""
"telemetry","29.999999999999577","","snapshot","","{""state"":{""x"":0.21568337337252155,""y"":24.618462637417245,""heading"":-0.0172778135442457,""vx"":0.14670878853245614,""vy"":-0.0418782441771155,""yaw"":-0.01549570017591155,""port"":0.9999999998202393,""starboard"":0.9999999998202393,""rudder"":0,""contact"":true,""impact"":0.00701163261219645},""controls"":{""port"":1,""starboard"":1,""rudder"":0},""weather"":{""speed"":0,""direction"":1.5707963267948966,""currentX"":0,""currentY"":0},""fenders"":{""port"":{""deployed"":false,""target"":false,""remaining"":0},""starboard"":{""deployed"":true,""target"":true,""remaining"":0}},""mooring"":{""bow"":{""attached"":false,""restLength"":0,""tension"":0,""extension"":0,""peakTension"":0,""overloadTime"":0,""warning"":false,""broken"":false},""stern"":{""attached"":false,""restLength"":0,""tension"":0,""extension"":0,""peakTension"":0,""overloadTime"":0,""warning"":false,""broken"":false}},""course"":1.8488530188022372,""berthBearing"":-3.1165721397512964,""phase"":""approach"",""progress"":{""elapsed"":29.999999999999577,""phase"":""approach"",""arrivalAt"":null,""securedAt"":null,""dwell"":0,""success"":false,""collisions"":1,""penalty"":5},""paused"":false}","","","","","","","","",""
"telemetry","30.99999999999952","","snapshot","","{""state"":{""x"":0.3021068875455267,""y"":24.62588353993884,""heading"":-0.014539795073415743,""vx"":0.03820724719844744,""vy"":0.04625263683801002,""yaw"":0.01701674576864221,""port"":0.72747050895186,""starboard"":0.72747050895186,""rudder"":0,""contact"":true,""impact"":0.005538969403306296},""controls"":{""port"":0,""starboard"":0,""rudder"":0},""weather"":{""speed"":0,""direction"":1.5707963267948966,""currentX"":0,""currentY"":0},""fenders"":{""port"":{""deployed"":false,""target"":false,""remaining"":0},""starboard"":{""deployed"":true,""target"":true,""remaining"":0}},""mooring"":{""bow"":{""attached"":false,""restLength"":0,""tension"":0,""extension"":0,""peakTension"":0,""overloadTime"":0,""warning"":false,""broken"":false},""stern"":{""attached"":false,""restLength"":0,""tension"":0,""extension"":0,""peakTension"":0,""overloadTime"":0,""warning"":false,""broken"":false}},""course"":null,""berthBearing"":-3.1065836655385883,""phase"":""approach"",""progress"":{""elapsed"":30.99999999999952,""phase"":""approach"",""arrivalAt"":null,""securedAt"":null,""dwell"":0,""success"":false,""collisions"":1,""penalty"":5},""paused"":false}","","","","","","","","",""